Workbook

Sheet Mercado
A1: Demanda — Tamaño de mercado del preuniversitario (Lima)
A3: Año base | B3: 2025 | D3: Mercado = postulantes (proyectados) que se preparan en academia. El % no ingresa es informativo (demanda recurrente), no filtra el mercado.
A4: Año objetivo | B4: 2026
A5: Crecimiento anual postulantes | B5: 0.02
A7: Universidad | B7: Postulantes 2025 | C7: Ingresantes 2025 | D7: % no ingresa (info) | E7: Postulantes ’26 (proy.) | F7: % alcanzable (Lima) | G7: % usa academia | H7: Mercado de preu | I7: % market share | J7: Alumnos objetivo
A8: San Marcos | B8: 88976 | C8: 9918 | D8: =1-C8/B8 -> 0.88853174 | E8: =ROUND(B8*(1+$B$5)^($B$4-$B$3),0) -> 90756 | F8: 0.55 | G8: 0.8 | H8: =E8*F8*G8 -> 39932.64 | I8: 0.05 | J8: =H8*I8 -> 1996.632
A9: UNI | B9: 15705 | C9: 2756 | D9: =1-C9/B9 -> 0.82451449 | E9: =ROUND(B9*(1+$B$5)^($B$4-$B$3),0) -> 16019 | F9: 0.65 | G9: 0.7 | H9: =E9*F9*G9 -> 7288.645 | I9: 0.05 | J9: =H9*I9 -> 364.43225
A10: PUCP (Cato) | B10: 24125 | C10: 8669 | D10: =1-C10/B10 -> 0.64066321 | E10: =ROUND(B10*(1+$B$5)^($B$4-$B$3),0) -> 24608 | F10: 0.8 | G10: 0.7 | H10: =E10*F10*G10 -> 13780.48 | I10: 0.05 | J10: =H10*I10 -> 689.024
A11: TOTAL | B11: =SUM(B8:B10) -> 128806 | C11: =SUM(C8:C10) -> 21343 | D11: =1-C11/B11 -> 0.8343012 | E11: =SUM(E8:E10) -> 131383 | H11: =SUM(H8:H10) -> 61001.765 | J11: =SUM(J8:J10) -> 3050.0883
A13: Mercado de preu = postulantes proy. × alcanzable × usa academia. Objetivo = market share (fila global de referencia; el detalle por sede está en Demanda_Sede).
A14: Fuente postulantes/ingresantes: TUNI/SUNEDU 2025. % usa academia: estimado anclado a industria (ADUNI/obepe).

Sheet Demanda_Sede
A1: Demanda por sede — reparto geográfico y captación diferenciada
A3: Driver = población distrital INEI 2025. Captación por sede: más alta donde el mercado es mayor; editable (afinar con competencia 5km).
A4: Sede | B4: Distrito | C4: Pob. 2025 | D4: % peso | E4: Mercado asignado | F4: % captación sede | G4: Alumnos objetivo | H4: Capacidad ref. (3 aulas)
A5: San Juan de Lurigancho | B5: SJL | C5: 1319232 | D5: =IFERROR(C5/$C$17,0) -> 0.25146727 | E5: =Mercado!$H$11*D5 -> 15339.947 | F5: 0.05 | G5: =E5*F5 -> 766.99736 | H5: 57
A6: Comas | B6: Comas | C6: 633491 | D6: =IFERROR(C6/$C$17,0) -> 0.12075378 | E6: =Mercado!$H$11*D6 -> 7366.1938 | F6: 0.05 | G6: =E6*F6 -> 368.30969 | H6: 57
A7: Ate | B7: Ate | C7: 617099 | D7: =IFERROR(C7/$C$17,0) -> 0.1176292 | E7: =Mercado!$H$11*D7 -> 7175.5886 | F7: 0.05 | G7: =E7*F7 -> 358.77943 | H7: 57
A8: San Juan de Miraflores | B8: SJM | C8: 539197 | D8: =IFERROR(C8/$C$17,0) -> 0.1027798 | E8: =Mercado!$H$11*D8 -> 6269.749 | F8: 0.05 | G8: =E8*F8 -> 313.48745 | H8: 57
A9: Villa El Salvador | B9: Villa El Salvador | C9: 506664 | D9: =IFERROR(C9/$C$17,0) -> 0.096578474 | E9: =Mercado!$H$11*D9 -> 5891.4573 | F9: 0.05 | G9: =E9*F9 -> 294.57287 | H9: 57
A10: Surco | B10: Santiago de Surco | C10: 326580 | D10: =IFERROR(C10/$C$17,0) -> 0.062251508 | E10: =Mercado!$H$11*D10 -> 3797.4518 | F10: 0.05 | G10: =E10*F10 -> 189.87259 | H10: 57
A11: Santa Beatriz | B11: Cercado de Lima | C11: 308548 | D11: =IFERROR(C11/$C$17,0) -> 0.058814313 | E11: =Mercado!$H$11*D11 -> 3587.7769 | F11: 0.05 | G11: =E11*F11 -> 179.38884 | H11: 57
A12: Ventanilla | B12: Ventanilla (Callao) | C12: 271948 | D12: =IFERROR(C12/$C$17,0) -> 0.051837752 | E12: =Mercado!$H$11*D12 -> 3162.1944 | F12: 0.05 | G12: =E12*F12 -> 158.10972 | H12: 57
A13: Puente Piedra | B13: Puente Piedra | C13: 263002 | D13: =IFERROR(C13/$C$17,0) -> 0.050132497 | E13: =Mercado!$H$11*D13 -> 3058.1708 | F13: 0.05 | G13: =E13*F13 -> 152.90854 | H13: 57
A14: Independencia | B14: Independencia | C14: 235922 | D14: =IFERROR(C14/$C$17,0) -> 0.044970605 | E14: =Mercado!$H$11*D14 -> 2743.2863 | F14: 0.05 | G14: =E14*F14 -> 137.16431 | H14: 57
A15: San Miguel | B15: San Miguel | C15: 155021 | D15: =IFERROR(C15/$C$17,0) -> 0.029549547 | E15: =Mercado!$H$11*D15 -> 1802.5745 | F15: 0.05 | G15: =E15*F15 -> 90.128725 | H15: 57
A16: Cantuarias Miraflores | B16: Miraflores | C16: 69434 | D16: =IFERROR(C16/$C$17,0) -> 0.01323526 | E16: =Mercado!$H$11*D16 -> 807.37422 | F16: 0.05 | G16: =E16*F16 -> 40.368711 | H16: 57
A17: TOTAL | C17: =SUM(C5:C16) -> 5246138 | D17: =SUM(D5:D16) -> 1 | E17: =SUM(E5:E16) -> 61001.765 | F17: =IFERROR(G17/E17,0) -> 0.05 | G17: =SUM(G5:G16) -> 3050.0883 | H17: =SUM(H5:H16) -> 684
A19: Captación diferenciada: 8% sedes de alta demanda (Lima Norte/Este/Sur), 6% media, 4% baja. Editable por sede.
